Text_ID,Orig_vs_Rule,Orig_vs_First,Orig_vs_Second,Orig_vs_Third,Rule_vs_First,Rule_vs_Second,Rule_vs_Third,Gold_vs_Rule,Gold_vs_First,Gold_vs_Second,Gold_vs_Third,Gold_vs_Orig
1,0.9858837,0.9972886,0.8365623,0.9937789,0.986431,0.8469932,0.9838829,0.93396914,0.93500113,0.85418236,0.94421995,0.92494816
2,0.994018,0.9953021,0.5989435,0.9950533,0.99347204,0.5950695,0.99117064,0.92781526,0.92875904,0.45720333,0.93197596,0.9255682
